id,idade,renda_mensal,tempo_como_cliente,avaliacao_cliente,compras_ultimos_6m,bonus_fidelidade,marketing_score,valor_proxima_compra,profissao_Analista,profissao_Autônomo,profissao_Engenheiro,profissao_Estudante,profissao_Gerente,profissao_Médico,profissao_Professor
15,51,0.834710743801653,96,5.0,12,3.0,99,7200,0.0,0.0,0.0,0.0,1.0,0.0,0.0
16,67,0.9586776859504131,120,4.0,13,2.0,105,10000,0.0,0.0,0.0,0.0,0.0,1.0,0.0
22,55,0.9421487603305785,92,4.0,12,3.0,102,8500,0.0,0.0,0.0,0.0,0.0,1.0,0.0
26,60,0.7685950413223142,110,4.0,10,2.0,110,6700,0.0,0.0,1.0,0.0,0.0,0.0,0.0
31,53,0.9338842975206612,100,4.0,12,2.0,103,8000,0.0,0.0,0.0,0.0,1.0,0.0,0.0
35,60,0.8677685950413223,112,4.0,14,3.0,120,10000,0.0,0.0,0.0,0.0,0.0,1.0,0.0
42,52,0.9586776859504131,96,5.0,13,2.0,108,9800,0.0,0.0,0.0,0.0,0.0,1.0,0.0
46,68,1.0,130,5.0,15,4.0,129,12500,0.0,0.0,1.0,0.0,0.0,0.0,0.0
